corruption,severity,sample_count,accuracy,accuracy_percent,error_rate,macro_f1,negative_log_likelihood,expected_calibration_error_15_bin,corruption_mean_accuracy
gaussian_noise,1,10000,0.7753,77.53,0.2247,0.7796296782618064,0.9515628218650818,0.13413969630002975,0.42558
gaussian_noise,2,10000,0.5381,53.81,0.4619,0.5596208422054986,2.283985137939453,0.3206675808504224,0.42558
gaussian_noise,3,10000,0.3302,33.019999999999996,0.6698,0.3290566382241383,3.8636815547943115,0.5070148692145944,0.42558
gaussian_noise,4,10000,0.2626,26.26,0.7374,0.23960274410427435,4.433416843414307,0.5703889142751694,0.42558
gaussian_noise,5,10000,0.2217,22.17,0.7783,0.17522921332071686,4.8714094161987305,0.603160112772882,0.42558
shot_noise,1,10000,0.8507,85.07000000000001,0.1493,0.8508468849402765,0.5865585803985596,0.08505103305280204,0.55478
shot_noise,2,10000,0.7578,75.78,0.24219999999999997,0.7622420483707029,1.0455676317214966,0.1461338160455227,0.55478
shot_noise,3,10000,0.4916,49.16,0.5084,0.51000385258238,2.609057664871216,0.35619203920960424,0.55478
shot_noise,4,10000,0.3976,39.76,0.6024,0.407817517746653,3.253066062927246,0.4342568685486913,0.55478
shot_noise,5,10000,0.2762,27.62,0.7238,0.25575550109092576,4.228734016418457,0.541378119328618,0.55478
impulse_noise,1,10000,0.8284,82.84,0.17159999999999997,0.8285568329587835,0.6821624636650085,0.09785226503163581,0.53904
impulse_noise,2,10000,0.7107,71.07,0.2893,0.7032450790991169,1.2441718578338623,0.1689166049644351,0.53904
impulse_noise,3,10000,0.6054,60.540000000000006,0.39459999999999995,0.5889994465500422,1.772170066833496,0.22767408195137978,0.53904
impulse_noise,4,10000,0.3582,35.82,0.6417999999999999,0.34450623396978014,3.1090872287750244,0.4000204276248812,0.53904
impulse_noise,5,10000,0.1925,19.25,0.8075,0.1502938275130084,4.506298065185547,0.5827783030226826,0.53904
defocus_blur,1,10000,0.9369,93.69,0.06310000000000004,0.9370400097796102,0.2342466115951538,0.03279358233809472,0.79942
defocus_blur,2,10000,0.9215,92.15,0.07850000000000001,0.9222537614028539,0.2935275137424469,0.04156950196772817,0.79942
defocus_blur,3,10000,0.866,86.6,0.134,0.8699611420224713,0.5170753598213196,0.07706549821048982,0.79942
defocus_blur,4,10000,0.7562,75.62,0.24380000000000002,0.7685757564590577,1.033077359199524,0.1486482080698014,0.79942
defocus_blur,5,10000,0.5165,51.65,0.48350000000000004,0.537813077282508,2.337346315383911,0.3233557372570038,0.79942
glass_blur,1,10000,0.5278,52.78,0.47219999999999995,0.5139136084161782,2.2564401626586914,0.30825758274346593,0.51144
glass_blur,2,10000,0.544,54.400000000000006,0.45599999999999996,0.5273752029041182,2.122227191925049,0.29408341214060785,0.51144
glass_blur,3,10000,0.5841,58.41,0.41590000000000005,0.5663355190388203,1.9196618795394897,0.26655688658952714,0.51144
glass_blur,4,10000,0.4332,43.32,0.5668,0.4095420109043768,2.8126914501190186,0.3849409490779042,0.51144
glass_blur,5,10000,0.4681,46.81,0.5319,0.4400005812178704,2.6202504634857178,0.3540594891145825,0.51144
motion_blur,1,10000,0.8795,87.94999999999999,0.12050000000000005,0.8818690632273228,0.46367090940475464,0.06656322191357608,0.72476
motion_blur,2,10000,0.7887,78.86999999999999,0.21130000000000004,0.7956184566098,0.9118651151657104,0.12932896785438064,0.72476
motion_blur,3,10000,0.6835,68.35,0.3165,0.6929198750269667,1.4835487604141235,0.20756125472337006,0.72476
motion_blur,4,10000,0.6848,68.47999999999999,0.31520000000000004,0.6944007003078008,1.4724549055099487,0.204655455724895,0.72476
motion_blur,5,10000,0.5873,58.730000000000004,0.41269999999999996,0.5925955090423405,2.0255444049835205,0.2804023412972688,0.72476
zoom_blur,1,10000,0.8542,85.42,0.14580000000000004,0.8580606353673444,0.5752969980239868,0.08062110702842472,0.72876
zoom_blur,2,10000,0.8148,81.47999999999999,0.18520000000000003,0.8216512192929539,0.7520111203193665,0.10520386866331095,0.72876
zoom_blur,3,10000,0.7397,73.97,0.2603,0.7506838859345076,1.111996054649353,0.15837104601562024,0.72876
zoom_blur,4,10000,0.6724,67.24,0.3276,0.6866138390696697,1.4836769104003906,0.20760368058085443,0.72876
zoom_blur,5,10000,0.5627,56.269999999999996,0.4373,0.57590281191901,2.1517696380615234,0.2933974123850466,0.72876
snow,1,10000,0.8802,88.02,0.11980000000000002,0.8803810366010819,0.4790165424346924,0.0683291780501604,0.8060200000000001
snow,2,10000,0.7889,78.89,0.21109999999999995,0.7895035969636998,0.898679792881012,0.12420150475353005,0.8060200000000001
snow,3,10000,0.8171,81.71000000000001,0.18289999999999995,0.8174288485060612,0.7383257150650024,0.1042047479748726,0.8060200000000001
snow,4,10000,0.796,79.60000000000001,0.20399999999999996,0.7972564976923092,0.8282007575035095,0.11856151402890686,0.8060200000000001
snow,5,10000,0.7479,74.79,0.2521,0.7502059577445755,1.055643916130066,0.14830291170775892,0.8060200000000001
frost,1,10000,0.8911,89.11,0.1089,0.8913452178940329,0.4003182351589203,0.05770469980537894,0.75514
frost,2,10000,0.8371,83.71,0.16290000000000004,0.8373536270710501,0.6790063977241516,0.09405553999096158,0.75514
frost,3,10000,0.7402,74.02,0.25980000000000003,0.7423371600442205,1.2167915105819702,0.15847075056433674,0.75514
frost,4,10000,0.7156,71.56,0.2844,0.7190407500972875,1.3619732856750488,0.17970890933424236,0.75514
frost,5,10000,0.5917,59.17,0.4083,0.5979949939128171,2.1265223026275635,0.27264580541700123,0.75514
fog,1,10000,0.9357,93.57,0.06430000000000002,0.9357460499763305,0.2397983819246292,0.034781343631446374,0.85942
fog,2,10000,0.9211,92.11,0.07889999999999997,0.921471554011965,0.2917587459087372,0.041806397366523744,0.85942
fog,3,10000,0.897,89.7,0.10299999999999998,0.8982489001366201,0.3856225907802582,0.058716637705266486,0.85942
fog,4,10000,0.8582,85.82,0.14180000000000004,0.8612116508742487,0.5507211089134216,0.0847071484744549,0.85942
fog,5,10000,0.6851,68.51,0.31489999999999996,0.7028842277608461,1.4715757369995117,0.20923190162628896,0.85942
brightness,1,10000,0.9384,93.84,0.06159999999999999,0.9383526915809437,0.22933979332447052,0.030944140429794705,0.92246
brightness,2,10000,0.9347,93.47,0.06530000000000002,0.9345938223954978,0.24244612455368042,0.03288924324214465,0.92246
brightness,3,10000,0.9283,92.83,0.07169999999999999,0.9281531224621187,0.27028369903564453,0.036410654181242064,0.92246
brightness,4,10000,0.9186,91.86,0.08140000000000003,0.9185841615545336,0.3084360659122467,0.042941221928596465,0.92246
brightness,5,10000,0.8923,89.23,0.10770000000000002,0.8927241926400881,0.4272715747356415,0.059350280410051366,0.92246
contrast,1,10000,0.9339,93.39,0.06610000000000005,0.933979118922495,0.25266581773757935,0.034992737340927074,0.73952
contrast,2,10000,0.8946,89.46,0.10540000000000005,0.8953840960654289,0.40310660004615784,0.05909263966083535,0.73952
contrast,3,10000,0.8445,84.45,0.15549999999999997,0.8466865427243606,0.6030462980270386,0.09297259242236608,0.73952
contrast,4,10000,0.7351,73.50999999999999,0.2649,0.7424437055814421,1.1202055215835571,0.16449134138226512,0.73952
contrast,5,10000,0.2895,28.95,0.7105,0.24999890171350617,4.195597171783447,0.5307866567388176,0.73952
elastic_transform,1,10000,0.8841,88.41,0.1159,0.8854038359997317,0.4271788001060486,0.06372513501942154,0.82106
elastic_transform,2,10000,0.8852,88.52,0.11480000000000001,0.886865105151042,0.4369134306907654,0.06005608147680764,0.82106
elastic_transform,3,10000,0.8376,83.76,0.1624,0.842208830636804,0.6329992413520813,0.09239167278856036,0.82106
elastic_transform,4,10000,0.7645,76.44999999999999,0.23550000000000004,0.7733710267121242,0.9797661304473877,0.13770539038926363,0.82106
elastic_transform,5,10000,0.7339,73.39,0.2661,0.7385363073042411,1.067176103591919,0.15213134059458974,0.82106
pixelate,1,10000,0.9096,90.96,0.09040000000000004,0.9089820949866546,0.3262934684753418,0.04708186535835271,0.71834
pixelate,2,10000,0.8531,85.31,0.14690000000000003,0.8511090763314774,0.5844785571098328,0.07892636629641056,0.71834
pixelate,3,10000,0.7994,79.94,0.2006,0.7956274730535687,0.8462380170822144,0.1162902121588588,0.71834
pixelate,4,10000,0.6097,60.97,0.3903,0.6017312974643745,1.919721245765686,0.2584395243123174,0.71834
pixelate,5,10000,0.4199,41.99,0.5801000000000001,0.3838442922712597,3.315772771835327,0.4128266404509544,0.71834
jpeg_compression,1,10000,0.8552,85.52,0.14480000000000004,0.8548949702335044,0.5385713577270508,0.0803365156024695,0.78468
jpeg_compression,2,10000,0.803,80.30000000000001,0.19699999999999995,0.8035411367803913,0.7650626301765442,0.11137615623623134,0.78468
jpeg_compression,3,10000,0.7832,78.32000000000001,0.2168,0.7835142086114861,0.8564848899841309,0.12337486152946955,0.78468
jpeg_compression,4,10000,0.7601,76.01,0.2399,0.7612328100681065,0.9674676656723022,0.13722715172171585,0.78468
jpeg_compression,5,10000,0.7219,72.19,0.2781,0.7232054737919377,1.1312593221664429,0.16283301265388728,0.78468
